<?xml version="1.0" encoding="UTF-8"?>
<Configuration>
	<Appenders>
		<Console name="Console" target="SYSTEM_OUT">
			<PatternLayout
				pattern="%d{yyyy-MMM-dd HH:mm:ss} [%t] %-5level - %msg%n" />
		</Console>
		    <!-- *************** Local ENV ****************** -->
		    <RollingFile name="RollingFileAppender"
			filePattern="C:/Peslogs/PES-%d{dd-MM-yyyy}.log">
			
			<!-- *************** Test ENV ****************** -->
			<!-- <RollingFile name="RollingFileAppender" filePattern="C:/Peslogs/PES-%d{dd-MM-yyyy}.log"> -->
			
			<!-- *************** Prod ENV ****************** -->
			<!-- <RollingFile name="RollingFileAppender" filePattern="/cradius-data-local/files/webapps/vcm/pes/PES-%d{dd-MM-yyyy}.log"> -->
			<PatternLayout
				pattern="%d{yyyy-MMM-dd HH:mm:ss} [%t] %-5level %-50c{1.} - %msg%n" />
			<Policies>
				<SizeBasedTriggeringPolicy size="10 MB" />
				<TimeBasedTriggeringPolicy interval="1" />
			</Policies>
		</RollingFile>
	</Appenders>

	<Loggers>
		<Root level="info">
			<AppenderRef ref="Console" />
			<AppenderRef ref="RollingFileAppender" />
		</Root>
	</Loggers>
</Configuration>